<?xml version="1.0" encoding="UTF-8"?>
<configuration>
    <appender name="STDOUT" class="ch.qos.logback.core.ConsoleAppender">
        <encoder>
            <pattern>%d{HH:mm:ss.SSS} [%thread] %-5level %logger{36} - %msg%n</pattern>
        </encoder>
    </appender>

    <!-- Kafka 클라이언트 로그 레벨 조정 -->
    <logger name="org.apache.kafka" level="WARN"/>
    <logger name="io.confluent" level="WARN"/>
    
    <!-- 애플리케이션 로그 -->
    <logger name="com.example.benchmark" level="INFO"/>

    <root level="INFO">
        <appender-ref ref="STDOUT"/>
    </root>
</configuration>
